SMITH,1,"2,442,977"
JOHNSON,2,"1,932,812"
WILLIAMS,3,"1,625,252"
BROWN,4,"1,437,026"
JONES,5,"1,425,470"
GARCIA,6,"1,166,120"
MILLER,7,"1,161,437"
DAVIS,8,"1,116,357"
RODRIGUEZ,9,"1,094,924"
MARTINEZ,10,"1,060,159"
HERNANDEZ,11,"1,043,281"
LOPEZ,12,"874,523"
GONZALEZ,13,"841,025"
WILSON,14,"801,882"
ANDERSON,15,"784,404"
THOMAS,16,"756,142"
TAYLOR,17,"751,209"
MOORE,18,"724,374"
JACKSON,19,"708,099"
MARTIN,20,"702,625"
LEE,21,"693,023"
PEREZ,22,"681,645"
THOMPSON,23,"664,644"
WHITE,24,"660,491"
HARRIS,25,"624,252"
SANCHEZ,26,"612,752"
CLARK,27,"562,679"
RAMIREZ,28,"557,423"
LEWIS,29,"531,781"
ROBINSON,30,"529,821"
WALKER,31,"523,129"
YOUNG,32,"484,447"
ALLEN,33,"482,607"
KING,34,"465,422"
WRIGHT,35,"458,980"
SCOTT,36,"439,530"
TORRES,37,"437,813"
NGUYEN,38,"437,645"
HILL,39,"434,827"
FLORES,40,"433,969"
GREEN,41,"430,182"
ADAMS,42,"427,865"
NELSON,43,"424,958"
BAKER,44,"419,586"
HALL,45,"407,076"
RIVERA,46,"391,114"
CAMPBELL,47,"386,157"
MITCHELL,48,"384,486"
CARTER,49,"376,966"
ROBERTS,50,"376,774"
GOMEZ,51,"365,655"
PHILLIPS,52,"360,802"
EVANS,53,"355,593"
TURNER,54,"348,627"
DIAZ,55,"347,636"
PARKER,56,"336,221"
CRUZ,57,"334,201"
EDWARDS,58,"332,423"
COLLINS,59,"329,770"
REYES,60,"327,904"
STEWART,61,"324,957"
MORRIS,62,"318,884"
MORALES,63,"311,777"
MURPHY,64,"308,417"
COOK,65,"302,589"
ROGERS,66,"302,261"
GUTIERREZ,67,"293,218"
ORTIZ,68,"286,899"
MORGAN,69,"286,280"
COOPER,70,"280,791"
PETERSON,71,"278,297"
BAILEY,72,"277,845"
REED,73,"277,030"
KELLY,74,"267,394"
HOWARD,75,"264,826"
RAMOS,76,"263,464"
KIM,77,"262,352"
COX,78,"261,231"
WARD,79,"260,464"
RICHARDSON,80,"259,798"
WATSON,81,"252,579"
BROOKS,82,"251,663"
CHAVEZ,83,"250,898"
WOOD,84,"250,715"
JAMES,85,"249,379"
BENNETT,86,"247,599"
GRAY,87,"246,116"
MENDOZA,88,"242,771"
RUIZ,89,"238,234"
HUGHES,90,"236,271"
PRICE,91,"235,251"
ALVAREZ,92,"233,983"
CASTILLO,93,"230,420"
SANDERS,94,"230,374"
PATEL,95,"229,973"
MYERS,96,"229,895"
LONG,97,"229,374"
ROSS,98,"229,368"
FOSTER,99,"227,764"
JIMENEZ,100,"227,118"
POWELL,101,"224,874"
JENKINS,102,"222,653"
PERRY,103,"221,741"
RUSSELL,104,"221,558"
SULLIVAN,105,"220,990"
BELL,106,"220,599"
COLEMAN,107,"219,070"
BUTLER,108,"218,847"
HENDERSON,109,"218,393"
BARNES,110,"218,241"
GONZALES,111,"214,758"
FISHER,112,"214,703"
VASQUEZ,113,"212,781"
SIMMONS,114,"210,182"
ROMERO,115,"208,614"
JORDAN,116,"208,403"
PATTERSON,117,"205,423"
ALEXANDER,118,"204,621"
HAMILTON,119,"201,746"
GRAHAM,120,"201,159"
REYNOLDS,121,"200,247"
GRIFFIN,122,"198,406"
WALLACE,123,"197,276"
MORENO,124,"196,925"
WEST,125,"195,818"
COLE,126,"195,289"
HAYES,127,"194,246"
BRYANT,128,"192,773"
HERRERA,129,"192,711"
GIBSON,130,"190,667"
ELLIS,131,"188,968"
TRAN,132,"188,498"
MEDINA,133,"188,497"
AGUILAR,134,"186,512"
STEVENS,135,"185,674"
MURRAY,136,"184,910"
FORD,137,"184,832"
CASTRO,138,"184,134"
MARSHALL,139,"183,922"
OWENS,140,"182,719"
HARRISON,141,"181,091"
FERNANDEZ,142,"180,842"
MCDONALD,143,"180,497"
WOODS,144,"177,425"
WASHINGTON,145,"177,386"
KENNEDY,146,"176,865"
WELLS,147,"176,230"
VARGAS,148,"173,835"
HENRY,149,"170,964"
CHEN,150,"169,580"
FREEMAN,151,"169,149"
WEBB,152,"168,878"
TUCKER,153,"167,446"
GUZMAN,154,"167,044"
BURNS,155,"165,925"
CRAWFORD,156,"164,457"
OLSON,157,"164,035"
SIMPSON,158,"163,181"
PORTER,159,"163,054"
HUNTER,160,"162,440"
GORDON,161,"161,833"
MENDEZ,162,"161,717"
SILVA,163,"161,633"
SHAW,164,"160,400"
SNYDER,165,"160,262"
MASON,166,"160,213"
DIXON,167,"159,480"
MUNOZ,168,"158,483"
HUNT,169,"158,421"
HICKS,170,"158,320"
HOLMES,171,"156,780"
PALMER,172,"156,601"
WAGNER,173,"155,795"
BLACK,174,"154,738"
ROBERTSON,175,"153,666"
BOYD,176,"153,469"
ROSE,177,"153,397"
STONE,178,"153,329"
SALAZAR,179,"152,703"
FOX,180,"152,334"
WARREN,181,"152,147"
MILLS,182,"151,942"
MEYER,183,"150,895"
RICE,184,"149,500"
SCHMIDT,185,"147,034"
GARZA,186,"147,005"
DANIELS,187,"146,570"
FERGUSON,188,"146,426"
NICHOLS,189,"145,584"
STEPHENS,190,"144,646"
SOTO,191,"144,451"
WEAVER,192,"143,837"
RYAN,193,"143,452"
GARDNER,194,"142,894"
PAYNE,195,"142,601"
GRANT,196,"142,277"
DUNN,197,"141,427"
KELLEY,198,"140,693"
SPENCER,199,"139,951"
HAWKINS,200,"139,751"
ARNOLD,201,"138,893"
PIERCE,202,"138,629"
VAZQUEZ,203,"138,322"
HANSEN,204,"137,977"
PETERS,205,"137,513"
SANTOS,206,"137,232"
HART,207,"137,184"
BRADLEY,208,"136,720"
KNIGHT,209,"136,713"
ELLIOTT,210,"135,765"
CUNNINGHAM,211,"135,718"
DUNCAN,212,"135,187"
ARMSTRONG,213,"135,044"
HUDSON,214,"134,963"
CARROLL,215,"134,317"
LANE,216,"134,227"
RILEY,217,"133,872"
ANDREWS,218,"133,799"
ALVARADO,219,"133,501"
RAY,220,"133,171"
DELGADO,221,"132,985"
BERRY,222,"132,812"
PERKINS,223,"131,440"
HOFFMAN,224,"131,401"
JOHNSTON,225,"131,373"
MATTHEWS,226,"131,303"
PENA,227,"130,776"
RICHARDS,228,"130,529"
CONTRERAS,229,"130,164"
WILLIS,230,"130,152"
CARPENTER,231,"129,898"
LAWRENCE,232,"129,699"
SANDOVAL,233,"128,948"
GUERRERO,234,"128,677"
GEORGE,235,"128,625"
CHAPMAN,236,"127,939"
RIOS,237,"127,794"
ESTRADA,238,"127,470"
ORTEGA,239,"127,256"
WATKINS,240,"127,083"
GREENE,241,"126,101"
NUNEZ,242,"125,350"
WHEELER,243,"125,058"
VALDEZ,244,"124,995"
HARPER,245,"124,461"
BURKE,246,"122,877"
LARSON,247,"122,587"
SANTIAGO,248,"122,212"
MALDONADO,249,"121,526"
MORRISON,250,"121,130"
FRANKLIN,251,"120,621"
CARLSON,252,"120,552"
AUSTIN,253,"119,706"
DOMINGUEZ,254,"119,304"
CARR,255,"119,076"
LAWSON,256,"119,053"
JACOBS,257,"118,614"
OBRIEN,258,"118,557"
LYNCH,259,"117,708"
SINGH,260,"116,749"
VEGA,261,"116,673"
BISHOP,262,"116,618"
MONTGOMERY,263,"115,953"
OLIVER,264,"115,900"
JENSEN,265,"115,679"
HARVEY,266,"115,662"
WILLIAMSON,267,"114,959"
GILBERT,268,"114,940"
DEAN,269,"114,030"
SIMS,270,"113,374"
ESPINOZA,271,"112,154"
HOWELL,272,"112,041"
LI,273,"111,786"
WONG,274,"111,371"
REID,275,"111,360"
HANSON,276,"111,144"
LE,277,"110,967"
MCCOY,278,"110,744"
GARRETT,279,"110,697"
BURTON,280,"110,529"
FULLER,281,"110,116"
WANG,282,"109,883"
WEBER,283,"109,433"
WELCH,284,"108,987"
ROJAS,285,"108,421"
LUCAS,286,"107,690"
MARQUEZ,287,"107,533"
FIELDS,288,"107,522"
PARK,289,"106,696"
YANG,290,"106,033"
LITTLE,291,"105,936"
BANKS,292,"105,833"
PADILLA,293,"105,365"
DAY,294,"105,091"
WALSH,295,"105,079"
BOWMAN,296,"105,007"
SCHULTZ,297,"104,888"
LUNA,298,"104,518"
FOWLER,299,"104,515"
MEJIA,300,"104,057"
DAVIDSON,301,"103,930"
ACOSTA,302,"103,418"
BREWER,303,"103,318"
MAY,304,"103,306"
HOLLAND,305,"102,538"
JUAREZ,306,"101,949"
NEWMAN,307,"101,931"
PEARSON,308,"101,836"
CURTIS,309,"101,801"
CORTEZ,310,"101,694"
DOUGLAS,311,"101,458"
SCHNEIDER,312,"101,290"
JOSEPH,313,"100,959"
BARRETT,314,"100,104"
NAVARRO,315,"99,807"
FIGUEROA,316,"98,468"
KELLER,317,"98,268"
AVILA,318,"97,314"
WADE,319,"97,040"
MOLINA,320,"96,979"
STANLEY,321,"96,867"
HOPKINS,322,"96,810"
CAMPOS,323,"96,111"
BARNETT,324,"95,681"
BATES,325,"95,622"
CHAMBERS,326,"94,988"
CALDWELL,327,"93,944"
BECK,328,"93,786"
LAMBERT,329,"93,678"
MIRANDA,330,"93,628"
BYRD,331,"92,904"
CRAIG,332,"92,507"
AYALA,333,"92,463"
LOWE,334,"92,260"
FRAZIER,335,"92,152"
POWERS,336,"91,970"
NEAL,337,"91,694"
LEONARD,338,"91,475"
GREGORY,339,"91,384"
CARRILLO,340,"91,129"
SUTTON,341,"90,964"
FLEMING,342,"90,677"
RHODES,343,"90,670"
SHELTON,344,"90,517"
SCHWARTZ,345,"90,071"
NORRIS,346,"89,796"
JENNINGS,347,"89,700"
WATTS,348,"89,649"
DURAN,349,"89,401"
WALTERS,350,"89,376"
COHEN,351,"89,091"
MCDANIEL,352,"88,728"
MORAN,353,"88,615"
PARKS,354,"88,586"
STEELE,355,"88,230"
VAUGHN,356,"88,060"
BECKER,357,"87,859"
HOLT,358,"87,531"
DELEON,359,"87,414"
BARKER,360,"87,162"
TERRY,361,"87,000"
HALE,362,"86,618"
LEON,363,"86,363"
HAIL,364,"86,240"
BENSON,365,"86,081"
HAYNES,366,"85,974"
HORTON,367,"85,195"
MILES,368,"84,942"
LYONS,369,"84,516"
PHAM,370,"84,320"
GRAVES,371,"84,179"
BUSH,372,"84,018"
THORNTON,373,"83,967"
WOLFE,374,"83,928"
WARNER,375,"83,781"
CABRERA,376,"83,621"
MCKINNEY,377,"83,616"
MANN,378,"83,510"
ZIMMERMAN,379,"83,265"
DAWSON,380,"83,182"
LARA,381,"83,067"
FLETCHER,382,"83,063"
PAGE,383,"82,992"
MCCARTHY,384,"82,950"
LOVE,385,"82,873"
ROBLES,386,"82,458"
CERVANTES,387,"82,161"
SOLIS,388,"82,146"
ERICKSON,389,"82,085"
REEVES,390,"81,978"
CHANG,391,"81,939"
KLEIN,392,"81,471"
SALINAS,393,"81,156"
FUENTES,394,"81,006"
BALDWIN,395,"80,742"
DANIEL,396,"80,526"
SIMON,397,"80,460"
VELASQUEZ,398,"80,364"
HARDY,399,"80,252"
HIGGINS,400,"79,803"
AGUIRRE,401,"79,517"
LIN,402,"79,508"
CUMMINGS,403,"79,316"
CHANDLER,404,"79,186"
SHARP,405,"78,990"
BARBER,406,"78,848"
BOWEN,407,"78,822"
OCHOA,408,"78,677"
DENNIS,409,"78,482"
ROBBINS,410,"78,381"
LIU,411,"78,370"
RAMSEY,412,"78,350"
FRANCIS,413,"78,327"
GRIFFITH,414,"78,260"
PAUL,415,"78,256"
BLAIR,416,"78,026"
OCONNOR,417,"77,923"
CARDENAS,418,"77,652"
PACHECO,419,"77,642"
CROSS,420,"77,557"
CALDERON,421,"77,085"
QUINN,422,"76,986"
MOSS,423,"76,908"
SWANSON,424,"76,897"
CHAN,425,"76,664"
RIVAS,426,"76,205"
KHAN,427,"76,171"
RODGERS,428,"76,095"
SERRANO,429,"75,996"
FITZGERALD,430,"75,356"
ROSALES,431,"75,185"
STEVENSON,432,"75,169"
CHRISTENSEN,433,"75,143"
MANNING,434,"74,949"
GILL,435,"74,948"
CURRY,436,"74,919"
MCLAUGHLIN,437,"74,816"
HARMON,438,"74,737"
MCGEE,439,"74,542"
GROSS,440,"74,503"
DOYLE,441,"74,458"
GARNER,442,"74,324"
NEWTON,443,"74,092"
BURGESS,444,"73,931"
REESE,445,"73,919"
WALTON,446,"73,854"
BLAKE,447,"73,797"
TRUJILLO,448,"73,664"
ADKINS,449,"73,599"
BRADY,450,"73,145"
GOODMAN,451,"73,136"
ROMAN,452,"72,918"
WEBSTER,453,"72,625"
GOODWIN,454,"72,451"
FISCHER,455,"72,357"
HUANG,456,"72,328"
POTTER,457,"72,175"
DELACRUZ,458,"72,109"
MONTOYA,459,"71,844"
TODD,460,"71,759"
WU,461,"71,721"
HINES,462,"71,717"
MULLINS,463,"71,646"
CASTANEDA,464,"71,368"
MALONE,465,"71,286"
CANNON,466,"71,085"
TATE,467,"71,058"
MACK,468,"71,056"
SHERMAN,469,"70,502"
HUBBARD,470,"70,362"
HODGES,471,"70,223"
ZHANG,472,"70,125"
GUERRA,473,"70,071"
WOLF,474,"70,031"
VALENCIA,475,"70,000"
SAUNDERS,476,"69,943"
FRANCO,476,"69,943"
ROWE,478,"69,879"
GALLAGHER,479,"69,834"
FARMER,480,"69,617"
HAMMOND,481,"69,515"
HAMPTON,482,"69,472"
TOWNSEND,483,"69,360"
INGRAM,484,"69,345"
WISE,485,"68,649"
GALLEGOS,486,"68,373"
CLARKE,487,"68,281"
BARTON,488,"68,233"
SCHROEDER,489,"67,977"
MAXWELL,490,"67,961"
WATERS,491,"67,929"
LOGAN,492,"67,909"
CAMACHO,493,"67,893"
STRICKLAND,494,"67,769"
NORMAN,495,"67,704"
PERSON,496,"67,411"
COLON,497,"67,338"
PARSONS,498,"67,310"
FRANK,499,"67,304"
HARRINGTON,500,"66,959"
GLOVER,501,"66,858"
OSBORNE,502,"66,827"
BUCHANAN,503,"66,648"
CASEY,504,"66,556"
FLOYD,505,"66,454"
PATTON,506,"66,293"
IBARRA,507,"66,063"
BALL,508,"66,059"
TYLER,509,"66,056"
SUAREZ,510,"66,013"
BOWERS,511,"66,003"
OROZCO,512,"65,904"
SALAS,513,"65,468"
COBB,514,"65,125"
GIBBS,515,"65,064"
ANDRADE,516,"65,037"
BAUER,517,"65,004"
CONNER,518,"64,572"
MOODY,519,"64,429"
ESCOBAR,520,"64,403"
MCGUIRE,521,"64,327"
LLOYD,522,"64,202"
MUELLER,523,"64,191"
HARTMAN,524,"64,106"
FRENCH,525,"63,991"
KRAMER,526,"63,936"
MCBRIDE,527,"63,899"
POPE,528,"63,881"
LINDSEY,529,"63,760"
VELAZQUEZ,530,"63,736"
NORTON,531,"63,722"
MCCORMICK,532,"63,649"
SPARKS,533,"63,440"
FLYNN,534,"63,400"
YATES,535,"63,254"
HOGAN,536,"63,085"
MARSH,537,"62,304"
MACIAS,538,"62,227"
VILLANUEVA,539,"61,883"
ZAMORA,540,"61,729"
PRATT,541,"61,671"
STOKES,542,"61,639"
OWEN,543,"61,630"
BALLARD,544,"61,625"
LANG,545,"61,529"
BROCK,546,"61,369"
VILLARREAL,547,"61,355"
CHARLES,548,"61,211"
DRAKE,549,"61,162"
BARRERA,550,"60,998"
CAIN,551,"60,948"
PATRICK,552,"60,845"
PINEDA,553,"60,820"
BURNETT,554,"60,791"
MERCADO,555,"60,761"
SANTANA,556,"60,667"
SHEPHERD,557,"60,479"
BAUTISTA,558,"60,264"
ALI,559,"60,002"
SHAFFER,560,"59,943"
LAMB,561,"59,913"
TREVINO,562,"59,882"
MCKENZIE,563,"59,595"
HESS,564,"59,486"
BEIL,565,"59,463"
OLSEN,566,"59,356"
COCHRAN,567,"59,350"
MORTON,568,"59,213"
NASH,569,"58,714"
WILKINS,570,"58,634"
PETERSEN,571,"58,480"
BRIGGS,572,"58,408"
SHAH,573,"58,287"
ROTH,574,"58,278"
NICHOLSON,575,"58,151"
HOLLOWAY,576,"58,040"
LOZANO,577,"57,779"
RANGEL,578,"57,549"
FLOWERS,578,"57,549"
HOOVER,580,"57,497"
SHORT,581,"57,477"
ARIAS,581,"57,477"
MORA,583,"57,464"
VALENZUELA,584,"57,383"
BRYAN,585,"57,143"
MEYERS,586,"57,127"
WEISS,587,"57,112"
UNDERWOOD,588,"57,064"
BASS,589,"57,044"
GREER,590,"57,043"
SUMMERS,591,"56,953"
HOUSTON,592,"56,900"
CARSON,593,"56,872"
MORROW,594,"56,840"
CLAYTON,595,"56,638"
WHITAKER,596,"56,616"
DECKER,597,"56,576"
YODER,598,"56,410"
COLLIER,599,"56,380"
ZUNIGA,600,"56,347"
CAREY,601,"56,322"
WILCOX,602,"56,286"
MELENDEZ,603,"56,230"
POOLE,604,"56,226"
ROBERSON,605,"56,180"
LARSEN,606,"55,960"
CONLEY,607,"55,917"
DAVENPORT,608,"55,895"
COPELAND,609,"55,850"
MASSEY,610,"55,595"
LAM,611,"55,554"
HUFF,612,"55,484"
ROCHA,613,"55,251"
CAMERON,614,"55,240"
JEFFERSON,615,"55,179"
HOOD,616,"55,174"
MONROE,617,"55,136"
ANTHONY,618,"55,114"
PITTMAN,619,"55,021"
HUYNH,620,"54,996"
RANDALL,621,"54,764"
SINGLETON,622,"54,621"
KIRK,623,"54,394"
COMBS,624,"54,257"
MATHIS,625,"54,217"
CHRISTIAN,626,"54,198"
SKINNER,627,"54,046"
BRADFORD,628,"54,015"
RICHARD,629,"53,893"
GALVAN,630,"53,822"
WALL,631,"53,794"
BOONE,632,"53,792"
KIRBY,633,"53,767"
WILKINSON,634,"53,739"
BRIDGES,635,"53,682"
BRUCE,636,"53,419"
ATKINSON,637,"53,376"
VELEZ,638,"53,265"
MEZA,639,"53,230"
ROY,640,"53,159"
VINCENT,641,"53,095"
YORK,642,"53,059"
HODGE,643,"52,920"
VILLA,644,"52,817"
ABBOTT,645,"52,739"
ALLISON,646,"52,701"
TAPIA,647,"52,651"
GATES,648,"52,569"
CHASE,649,"52,481"
SOSA,650,"52,457"
SWEENEY,651,"52,410"
FARRELL,652,"52,321"
WYATT,653,"52,211"
DALTON,654,"52,184"
HORN,655,"52,138"
BARRON,656,"52,070"
PHELPS,657,"52,044"
YU,658,"52,035"
DICKERSON,659,"51,889"
HEATH,660,"51,877"
FOLEY,661,"51,865"
ATKINS,662,"51,671"
MATHEWS,663,"51,592"
BONILLA,664,"51,475"
ACEVEDO,665,"51,351"
BENITEZ,666,"51,288"
ZAVALA,667,"51,153"
HENSLEY,668,"51,081"
GLENN,669,"51,043"
CISNEROS,670,"50,920"
HARRELL,671,"50,837"
SHIELDS,672,"50,832"
RUBIO,673,"50,788"
HUFFMAN,674,"50,786"
CHOI,674,"50,786"
BOYER,676,"50,742"
GARRISON,677,"50,686"
ARROYO,678,"50,614"
BOND,679,"50,610"
KANE,680,"50,584"
HANCOCK,681,"50,558"
CALLAHAN,682,"50,524"
DILLON,683,"50,465"
CLINE,684,"50,258"
WIGGINS,685,"50,247"
GRIMES,686,"50,245"
ARELLANO,687,"50,104"
MELTON,688,"50,069"
ONEILL,689,"50,028"
SAVAGE,690,"49,914"
HO,691,"49,817"
BELTRAN,692,"49,776"
PITTS,693,"49,740"
PARRISH,694,"49,733"
PONCE,695,"49,549"
RICH,696,"49,481"
BOOTH,697,"49,402"
KOCH,698,"49,395"
GOLDEN,699,"49,360"
WARE,700,"49,316"
BRENNAN,701,"49,238"
MCDOWELL,702,"49,217"
MARKS,703,"49,177"
CANTU,704,"49,126"
HUMPHREY,705,"49,056"
BAXTER,706,"49,033"
SAWYER,707,"49,028"
CLAY,708,"48,844"
TANNER,709,"48,813"
HUTCHINSON,710,"48,781"
KAUR,711,"48,753"
BERG,712,"48,746"
WILEY,713,"48,720"
GILMORE,714,"48,719"
RUSSO,715,"48,696"
VILLEGAS,716,"48,599"
HOBBS,717,"48,522"
KEITH,718,"48,487"
WILKERSON,719,"48,444"
AHMED,720,"48,319"
BEARD,721,"48,207"
MCCLAIN,722,"48,165"
MONTES,723,"48,142"
MATA,724,"48,120"
ROSARIO,725,"48,051"
VANG,726,"48,036"
WALTER,727,"48,024"
HENSON,728,"48,013"
ONEAL,729,"47,979"
MOSLEY,730,"47,963"
MCCLURE,731,"47,742"
BEASLEY,732,"47,693"
STEPHENSON,733,"47,641"
SNOW,734,"47,528"
HUERTA,735,"47,455"
PRESTON,736,"47,367"
VANCE,737,"47,324"
BARRY,738,"47,274"
JOHNS,739,"47,246"
EATON,740,"47,184"
BLACKWELL,741,"47,175"
DYER,742,"47,170"
PRINCE,743,"47,168"
MACDONALD,744,"46,717"
SOLOMON,745,"46,534"
GUEVARA,746,"46,454"
STAFFORD,747,"46,394"
ENGLISH,748,"46,393"
HURST,749,"46,244"
WOODARD,750,"46,240"
CORTES,751,"46,229"
SHANNON,752,"46,147"
KEMP,753,"46,146"
NOLAN,754,"46,054"
MCCULLOUGH,755,"45,852"
MERRITT,756,"45,594"
MURILLO,757,"45,558"
MOON,758,"45,528"
SALGADO,759,"45,469"
STRONG,760,"45,432"
KLINE,761,"45,390"
CORDOVA,762,"45,305"
BARAJAS,763,"45,153"
ROACH,764,"45,019"
ROSAS,765,"44,938"
WINTERS,766,"44,914"
JACOBSON,767,"44,808"
LESTER,768,"44,784"
KNOX,769,"44,742"
BULLOCK,770,"44,740"
KERR,771,"44,711"
LEACH,772,"44,581"
MEADOWS,773,"44,500"
ORR,774,"44,388"
DAVILA,774,"44,388"
WHITEHEAD,776,"44,373"
PRUITT,777,"44,365"
KENT,778,"44,325"
CONWAY,779,"44,320"
MCKEE,780,"44,137"
BARR,781,"44,130"
DAVID,782,"44,040"
DEJESUS,783,"44,038"
MARIN,784,"43,904"
BERGER,785,"43,851"
MCINTYRE,786,"43,842"
BLANKENSHIP,787,"43,830"
GAINES,788,"43,821"
PALACIOS,789,"43,798"
CUEVAS,790,"43,701"
BARTLETT,791,"43,648"
DURHAM,792,"43,635"
DORSEY,793,"43,631"
MCCALL,794,"43,483"
ODONNELL,795,"43,460"
STEIN,796,"43,389"
BROWNING,797,"43,329"
STOUT,798,"43,305"
LOWERY,799,"43,278"
SLOAN,800,"43,261"
MCLEAN,801,"43,260"
HENDRICKS,802,"43,197"
CALHOUN,803,"43,180"
SEXTON,804,"43,133"
CHUNG,805,"43,110"
GENTRY,806,"43,027"
HULL,807,"43,018"
DUARTE,808,"42,983"
ELLISON,809,"42,827"
NIELSEN,810,"42,773"
GILLESPIE,811,"42,693"
BUCK,812,"42,639"
MIDDLETON,813,"42,578"
SELLERS,814,"42,577"
LEBLANC,815,"42,575"
ESPARZA,816,"42,559"
HARDIN,817,"42,469"
BRADSHAW,818,"42,465"
MCINTOSH,819,"42,379"
HOWE,820,"42,265"
LIVINGSTON,821,"42,103"
FROST,822,"42,015"
GLASS,823,"41,802"
MORSE,824,"41,774"
KNAPP,825,"41,771"
HERMAN,826,"41,750"
STARK,827,"41,735"
BRAVO,828,"41,700"
NOBLE,829,"41,667"
SPEARS,830,"41,665"
WEEKS,831,"41,565"
CORONA,832,"41,553"
FREDERICK,833,"41,394"
BUCKLEY,834,"41,348"
MCFARLAND,835,"41,300"
HEBERT,836,"41,275"
ENRIQUEZ,837,"41,271"
HICKMAN,838,"41,163"
QUINTERO,839,"41,158"
RANDOLPH,840,"41,129"
SCHAEFER,841,"41,063"
WALLS,842,"41,025"
TREJO,843,"41,021"
HOUSE,844,"41,000"
REILLY,845,"40,884"
PENNINGTON,846,"40,854"
MICHAEL,847,"40,736"
CONRAD,848,"40,707"
GILES,849,"40,598"
BENJAMIN,850,"40,590"
CROSBY,851,"40,563"
FITZPATRICK,852,"40,449"
DONOVAN,853,"40,410"
MAYS,854,"40,408"
MAHONEY,855,"40,397"
VALENTINE,856,"40,395"
RAYMOND,857,"40,275"
MEDRANO,858,"40,261"
HAHN,859,"40,250"
MCMILLAN,860,"40,237"
SMALL,861,"40,212"
BENTLEY,862,"40,193"
FELIX,863,"40,165"
PECK,864,"40,055"
LUCERO,865,"39,986"
BOYLE,866,"39,921"
HANNA,867,"39,890"
PACE,868,"39,879"
RUSH,869,"39,802"
HURLEY,870,"39,796"
HARDING,871,"39,787"
MCCONNELL,872,"39,754"
BERNAL,873,"39,693"
NAVA,874,"39,670"
AYERS,875,"39,623"
EVERETT,876,"39,593"
VENTURA,877,"39,580"
AVERY,878,"39,564"
PUGH,879,"39,559"
MAYER,880,"39,555"
BENDER,881,"39,551"
SHEPARD,882,"39,430"
MCMAHON,883,"39,411"
LANDRY,884,"39,391"
CASE,885,"39,319"
SAMPSON,886,"39,277"
MOSES,887,"39,216"
MAGANA,888,"39,105"
BLACKBURN,889,"39,097"
DUNLAP,890,"39,063"
GOULD,891,"38,924"
DUFFY,892,"38,835"
VAUGHAN,893,"38,830"
HERRING,894,"38,733"
MCKAY,895,"38,681"
ESPINOSA,896,"38,667"
RIVERS,897,"38,662"
FARLEY,898,"38,528"
BERNARD,899,"38,512"
ASHLEY,900,"38,499"
FRIEDMAN,901,"38,374"
POTTS,902,"38,277"
TRUONG,903,"38,267"
COSTA,904,"38,265"
CORREA,905,"38,232"
BLEVINS,906,"38,229"
NIXON,907,"38,147"
CLEMENTS,908,"38,044"
FRY,909,"38,029"
DELAROSA,910,"37,932"
BEST,911,"37,923"
BENTON,912,"37,912"
LUGO,913,"37,903"
PORTILLO,914,"37,890"
DOUGHERTY,915,"37,884"
CRANE,916,"37,870"
HALEY,917,"37,858"
PHAN,918,"37,836"
VILLALOBOS,919,"37,754"
BLANCHARD,920,"37,695"
HORNE,921,"37,689"
FINLEY,922,"37,672"
QUINTANA,923,"37,657"
LYNN,924,"37,644"
ESQUIVEL,925,"37,578"
BEAN,926,"37,571"
DODSON,927,"37,566"
MULLEN,928,"37,502"
XIONG,929,"37,499"
HAYDEN,930,"37,451"
CANO,931,"37,368"
LEVY,932,"37,228"
HUBER,933,"37,170"
RICHMOND,934,"37,053"
MOYER,935,"37,050"
LIM,936,"37,021"
FRYE,937,"36,973"
SHEPPARD,938,"36,960"
MCCARTY,939,"36,944"
AVALOS,940,"36,922"
BOOKER,941,"36,840"
WALLER,942,"36,805"
PARRA,943,"36,765"
WOODWARD,944,"36,764"
JARAMILLO,945,"36,755"
KRUEGER,946,"36,743"
RASMUSSEN,947,"36,636"
BRANDT,948,"36,613"
PERALTA,949,"36,585"
DONALDSON,950,"36,558"
STUART,951,"36,540"
FAULKNER,952,"36,466"
MAYNARD,953,"36,460"
GALINDO,954,"36,429"
COFFEY,955,"36,423"
ESTES,956,"36,318"
SANFORD,957,"36,312"
BURCH,958,"36,269"
MADDOX,959,"36,250"
VO,960,"36,236"
OCONNELL,961,"36,194"
VU,962,"36,179"
ANDERSEN,963,"36,150"
SPENCE,964,"36,129"
MCPHERSON,965,"36,125"
CHURCH,966,"36,072"
SCHMITT,967,"36,043"
STANTON,968,"35,997"
LEAL,969,"35,958"
CHERRY,970,"35,877"
COMPTON,971,"35,830"
DUDLEY,972,"35,781"
SIERRA,973,"35,770"
POLLARD,974,"35,749"
ALFARO,975,"35,725"
HESTER,976,"35,642"
PROCTOR,977,"35,636"
LU,978,"35,628"
HINTON,979,"35,606"
NOVAK,980,"35,461"
GOOD,981,"35,446"
MADDEN,982,"35,438"
MCCANN,983,"35,408"
TERRELL,983,"35,408"
JARVIS,985,"35,350"
DICKSON,986,"35,312"
REYNA,987,"35,291"
CANTRELL,988,"35,266"
MAYO,989,"35,228"
BRANCH,990,"35,225"
HENDRIX,991,"35,194"
ROLLINS,992,"35,132"
ROWLAND,993,"35,121"
WHITNEY,994,"35,118"
DUKE,995,"35,053"
ODOM,996,"35,020"
DAUGHERTY,997,"34,987"
TRAVIS,998,"34,985"
TANG,999,"34,961"
ARCHER,"1,000","34,949"
